"PLANET_NUMBER","p_name","star_number","Mass","density (earth)","RELATIVE RADIUS","Type_terrain","TYPE OF CLIMATE"
1,"Pipirima XI",4344,8.74,1.151,1.97,"sinkholes; ocean; canyons","artificial temperate; superheated"
2,"Sakura Mirage Titanos",717,2.85,1.345,1.28,"cityscape; bog; hill","rocky; frigid; windy; temperate"
3,"Sakura Mirage Echoian",717,0.42,1.019,0.74,"volcano","windy; tropical; arid"
4,"Cryptic Shadows Undecimal",1534,4.97,0.885,1.78,"volcano; rocky desert","temperate; humid; tropical; arid"
5,"Cacophonic Murmurs Er",1889,3.1,0.912,1.5,"toxic cloudsea","frigid; windy; subartic; frozen; tropical"
6,"Cacophonic Murmurs Wu",1889,3.22,0.916,1.52,"ocean; island","hot; windy; frozen"
7,"Lilii Borea V",6022,3.7,0.805,1.66,"bog; cliff; rocky desert; lakes; ocean","windy; temperate; superheated; arid"
8,"Lilii Borea XXII",6022,1.42,0.934,1.15,"jungle; cityscape; ash; cliff; acid pool; savanna","arid; tropical; subartic; hot; superheated"
9,"Cosmic Shadows XI",3806,5.8,1.202,1.69,"tundra; swamp; cave","subartic; humid"
10,"Capella Hecatean",2814,1.35,1.068,1.08,"field; city","windy; artificial temperate; frozen"
11,"Tangra Nereidos",3156,9.39,1.31,1.93,"glacier; plateau; city; forest; vine; jungle","frigid; windy; superheated; arid; humid"
12,"Tangra Echoian",3156,5.74,1.085,1.74,"valley; ocean; toxic cloudsea; lakes; cliff; ash; plateau; island; fungus forest; urban","subartic; temperate; humid; hot; frozen; artic; rocky"
13,"Thuban Prime",7523,7.66,1.406,1.76,"lakes","tropical"
14,"Rasalgethi Faunios",2519,1.96,0.949,1.27,"lakes","temperate; hot; superheated; frigid"
15,"Rasalgethi Nymphios",2519,7.45,0.783,NA,"rainforest; verdant","superheated"
16,"Yed Posterior XIII",3338,1.42,1.061,1.1,"lakes","tropical; frigid; subartic; humid"
17,"Baekdu Pegasusian",3390,3.65,0.945,1.57,"forest; urban; jungle; rocky canyon; reef; glacier; ocean; savanna","hot; tropical; windy; humid; frigid; rocky; frozen"
18,"Exoplantra Quartal",3408,3.91,1.429,1.4,"cave; reef; ice canyon; river","subartic; windy; artificial temperate; frigid"
19,"Cerulean Cryptic X",3063,8.36,0.74,2.24,"cliff; ice canyon; forest; lakes","rocky; arid; frozen"
20,"Cerulean Cryptic XII",3063,3.2,NA,1.46,"forest; hill","artificial temperate; frozen"
21,"Sakura Seraph Oranos",7514,2.11,0.861,1.35,"cliff; hill; plain","artic; artificial temperate"
22,"Dubhe Upsilon",629,2.24,1.146,1.25,"cave; cityscape; vine","hot; artic; superheated; tropical; temperate"
23,"Dubhe Xi",629,3.92,0.926,1.62,"volcano; valley; tundra; cityscape","windy; subartic; rocky; superheated; arid"
24,"Quantronix Qi",2461,2.34,0.964,1.34,"grassland","temperate; hot; humid; rocky; frozen"
25,"Quantronix Si",2461,4.49,1.049,1.62,"rocky canyon; field","tropical; subartic"
26,"Bubup Rho",3440,2.15,1.046,1.27,"plain; jungle; ash","superheated; frigid"
27,"Amaterasu Astraeos",9238,1.2,1.012,1.06,"hill; volcano; jungle; desert","windy; hot; humid; rocky"
28,"Ogma Vigesimal",9447,2.96,1.205,1.35,"ocean","frigid; superheated"
29,"Spectral Threshold Iota",3986,2.72,NA,1.23,"glacier; reef; ice canyon; sea; vine","arid; artic; artificial temperate; frozen"
30,"Vega Decimal",5227,2.01,0.94,1.29,"lakes; verdant; forest; rock arche; rainforest; desert; acid pool; urban","humid; frigid; temperate; artificial temperate; superheated; artic"
31,"Vega Duodecimal",5227,2.7,0.846,1.47,"rainforest","artic; frigid; rocky; tropical"
32,"Frostbeard Wu",8191,8.02,1.122,1.93,"lava river; rock arche; canyons","frigid; rocky; arid"
33,"Alzirr XIII",8382,1.56,1.082,1.13,"sea; jungle; canyons; river; valley; hill","subartic; superheated; tropical; frigid; hot"
34,"Alzirr XIV",8382,6.91,0.832,2.03,"city; lakes","artic"
35,"Sansuna Dionian",4606,2.77,1.054,1.38,"hill; tundra; lakes","artificial temperate; frozen; frigid; artic"
36,"Ayeyarwady Alpha",190,6.86,1.205,1.79,"hill; plain; rainforest","rocky; subartic; humid; temperate"
37,"Fawaris San",3897,5.39,1,1.75,"bog; hill; volcano; valley","frozen; hot; arid; humid; windy; temperate"
38,"Fawaris Qi",3897,3.69,1.348,1.4,"grassland; jungle","temperate; tropical"
39,"Imai Janusian",946,6.67,0.918,1.94,"hill","subartic; tropical"
40,"Cosmoflare XII",3945,5.97,1.009,1.81,"hill; jungle; cave; rock arche","tropical; frozen; humid; artic"
41,"Cosmoflare XXI",3945,3.68,0.659,1.77,"bog","temperate; windy"
42,"Starlight Haven XII",4098,4.52,1.223,1.55,"urban","humid; windy; artificial temperate"
43,"Starlight Haven XVIII",4098,1.95,1.047,NA,"rocky canyon; rock arche; plain; lakes","humid; superheated; arid; temperate"
44,"Ronin's Cascade Omicron",9767,7.97,NA,2.09,"plateau","frozen"
45,"Chechia Poseidian",6361,2.42,0.898,1.39,"ocean","tropical"
46,"Astrylis VI",8053,1.34,1.359,1,"city","humid; artic; windy; rocky; hot"
47,"Celestial Mirage Yi",3036,2.31,0.719,1.48,"rock arche; plateau; volcano; forest; ice cave; vine","temperate; subartic; arid; frozen"
48,"Celestial Mirage Jiu",3036,4.2,0.983,1.62,"volcano; tundra","frozen; artic; subartic; superheated; tropical"
49,"Mjornir Gamma",6912,7.41,1.219,1.82,"ice cave","frigid; artic; temperate"
50,"Mjornir Omega",6912,1.95,0.959,1.27,"rock arche; tundra; sea; vine; grassy hill","frigid; windy; artic; artificial temperate"
51,"Nova Prism Hestian",4510,0.89,1.362,0.87,"cliff","frigid; tropical"
52,"Sadachbia Xi",4291,1.4,0.653,1.29,"jungle","artic; windy; arid; tropical"
53,"Sadachbia Delta",4291,1.27,1.186,1.02,"river","windy; humid"
54,"Shama Er",9453,2.26,0.628,1.53,"barren; rocky island; forest","temperate; tropical; hot; arid; superheated"
55,"Shama Shi",9453,7.46,1.145,1.87,"savanna; ice cave; field","tropical; hot; humid; frozen; arid; artificial temperate"
56,"Mesarthim Qi",569,6.55,0.825,2,"urban; rocky island","rocky"
57,"Astral Echo Poseidian",5232,3.41,1.137,1.44,"lakes","tropical; rocky; windy"
58,"Zibal Morphean",7837,1.99,0.443,1.65,"mountain; rainforest; valley; swamp","hot; temperate; humid; arid; artificial temperate"
59,"Beid Lambda",9761,6.62,0.926,1.93,"hill; canyons","superheated; subartic; temperate"
60,"Yugen Aphroditos",3332,3.44,1.171,1.43,"river; hill; lava river; rock arche","tropical; humid; temperate; artificial temperate; superheated"
61,"Yugen Persephonian",3332,0.97,NA,1.05,"jungle; fungus forest; rocky desert; lakes; plain","frigid; hot; frozen"
62,"Aldulfin Echoian",4869,2.48,0.719,1.51,"vine; rocky desert; rock arche","frozen; windy; humid; hot; superheated; frigid"
63,"Ankh Seraph II",1661,1.84,0.734,1.36,"desert; bog; lakes; jungle; fungus forest","temperate; artic; frozen; arid; hot; humid"
64,"Mahsati Dionysios",1338,2.72,1.252,1.3,"field; ash; urban; jungle","subartic; frigid; arid; hot"
65,"Dombay Nonal",8216,6.47,0.97,1.88,"jungle","hot; subartic"
66,"Dombay Quintal",8216,1.56,0.777,1.26,"urban; rocky desert","frigid; rocky; tropical; frozen"
67,"Meridiana Yi",7519,3.14,0.897,1.52,"verdant; hill; forest","subartic; rocky; artificial temperate; frozen"
68,"Geisha's Mirage Er",7960,4.58,0.716,1.86,"forest; vine; rocky canyon; plain; verdant","hot; artificial temperate; arid"
69,"Geisha's Mirage Qi",7960,6.5,1.077,1.82,"volcano; cliff","artic; arid"
70,"Snowstrider Zephyrian",3603,2.65,NA,1.28,"urban","frozen; temperate"
71,"Samurai's Mirage XI",5794,6.03,1.253,1.69,"cliff; plain","humid"
72,"Tupã Xi",2453,7.62,0.962,1.99,"city; volcano; field; tundra","subartic; superheated; temperate"
73,"Tupã Pi",2453,2.37,0.905,1.38,"plateau; reef","arid; temperate"
74,"Sham Museios",9038,2.94,1.015,1.43,"fungus forest; urban; verdant","tropical; humid; subartic; arid"
75,"Nebula Whisper Morphean",5747,2.45,0.906,1.39,"scrubland","arid; artificial temperate"
76,"Chamukuy Pegasusian",5465,8.87,0.91,2.14,"rainforest; grassy hill; plain; fungus forest; swamp","humid; rocky; artificial temperate; frozen; subartic"
77,"Pulsarianix Dionysios",8647,5.8,1.291,1.65,"sea; rocky island; ocean","artificial temperate; tropical"
78,"Torcular Oranos",1826,6.96,1.536,1.65,"field; glacier; toxic cloudsea; plateau; ice canyon","tropical; frigid; frozen"
79,"Torcular Astraeos",1826,7.08,0.983,1.93,"tundra; island; glacier; hill; lava river","subartic; frozen; hot"
80,"Mago Orphean",43,0.66,1.173,0.83,"rock arche; rocky desert; barren","arid; tropical"
81,"Mago Pegasusian",43,1.5,1.275,1.06,"lakes","artificial temperate; humid; temperate; subartic"
82,"Solaris Cascade Eosian",1308,4.06,1.005,1.59,"fungus forest; mountain","tropical; frigid; rocky; frozen"
83,"Drakonir Astraeos",5059,2.68,1.146,1.33,"desert","superheated; windy; temperate"
84,"Ninja's Radiance Tau",1999,0.83,0.922,0.97,"lakes; lava river; fungus forest; vine; mountain; ice canyon","frozen; artic; tropical; rocky; humid; hot; frigid"
85,"Ninja's Radiance Epsilon",1999,2.41,1.039,1.32,"ice cave","hot; subartic; artic"
86,"Lurking Cosmos Decimal",8039,1.52,0.817,1.23,"city","hot; windy; rocky; frozen; arid"
87,"Spectrion XXIII",491,1.37,1.079,1.08,"rock arche; cave; grassy hill","artic; subartic; superheated; frozen; hot"
88,"Lionrock Upsilon",1757,1.94,0.731,1.38,"vine; grassland; scrubland; sea; urban","artic; frigid; humid; superheated; arid"
89,"Obsidian Whispers Artemian",4988,1.66,1.168,1.12,"toxic cloudsea","artificial temperate; rocky; superheated; artic"
90,"Kaffaljidhma XVII",6191,4.89,1.685,1.43,"glacier; rocky canyon; reef; sea","frigid; subartic; temperate; frozen"
91,"Riftwarder Persephonian",9830,2.31,1.253,1.23,"rocky desert","hot; temperate; arid"
92,"Riftwarder Tritonian",9830,1.14,1.218,0.98,"valley; mountain; rocky desert","frozen; rocky; subartic"
93,"Porrima Secant",9846,2.95,1.012,NA,"forest; plain; hill; field; savanna","subartic; tropical; artificial temperate"
94,"Porrima Tertial",9846,3.87,0.629,1.83,"savanna","rocky; hot"
95,"Aquilan Cipher Omega",9333,3.18,1.576,1.26,"ash; hill; savanna; plateau; cityscape","rocky; frozen; artic; hot; tropical"
96,"Copernicus Dionian",4589,6.55,0.471,2.4,"valley; lakes","frozen"
97,"Nenque Eta",7512,9.67,1.086,2.07,"glacier; sea; ice canyon; river; cave","artic; frigid; windy; tropical"
98,"Nenque Psi",7512,0.88,0.557,1.17,"cliff; plain; canyons; cityscape; scrubland","temperate; hot; rocky; subartic; arid; frigid; humid"
99,"Shizuku Seraph Tritonian",4419,3.71,1.258,1.43,"sinkholes; reef","artic; subartic; hot; temperate"
100,"Shizuku Seraph Dionian",4419,3.83,0.741,1.73,"river; mountain","windy; humid"
101,"Ukiyo Reverie Omega",3914,0.56,0.651,0.95,"plateau; desert","superheated; artificial temperate"
102,"Ukiyo Reverie Psi",3914,3.73,NA,1.69,"cave; island; cityscape; rocky canyon; urban","tropical; frozen; subartic"
103,"Nebulous Silence Sextant",6280,6.29,0.764,2.02,"grassy hill; cave; toxic cloudsea; cliff","humid; superheated; artic; frozen; rocky"
104,"Penumbrion Dionysios",8369,3.05,1.044,1.43,"bog; canyons; swamp; plateau; ocean; desert; scrubland","temperate; humid; arid; tropical; frigid"
105,"Kalausi Nyxios",3147,4.53,0.886,1.72,"rock arche; canyons","frigid; hot; temperate; artic"
106,"Minchir Nemesisian",4440,1.96,1.324,1.14,"jungle; field; grassland; rocky island","humid; tropical; rocky; frozen"
107,"Scheat XX",7541,4.86,0.995,1.7,"rocky canyon","artic; windy; temperate; artificial temperate"
108,"Acubens XIV",3269,1.66,1.158,1.13,"jungle; ocean; toxic cloudsea; sea; island","artic; frigid; humid; tropical"
109,"Vortexarian Echoian",6714,6.73,0.764,2.07,"vine","artic; arid"
110,"Vortexarian Olympios",6714,4.51,0.605,1.95,"lakes; urban; valley; savanna; plateau; vine","temperate; artic; artificial temperate; tropical"
111,"Bastet's Horizon Chi",5044,1.06,0.559,1.24,"plateau; cityscape","superheated"
112,"Bastet's Horizon Tau",5044,2.55,1.355,1.23,"rocky canyon","windy; temperate; frigid"
113,"Bastet's Silence Helios",175,7.73,0.686,2.24,"reef","tropical; frozen; humid"
114,"Bastet's Silence Atlasios",175,5.33,0.723,1.95,"ice cave; savanna; rocky island; rock arche; rainforest; valley; river; acid pool","frigid; rocky; temperate; tropical; frozen; windy"
115,"Inazuma Xi",959,1.65,1.178,1.12,"fungus forest; savanna","rocky; frigid; hot; superheated"
116,"Ephemeral Phoenix Cerberian",6408,2.83,0.846,1.5,"island; volcano","arid; artificial temperate; frozen"
117,"Ephemeral Phoenix Nyxios",6408,2.96,1.123,1.38,"cave; hill; urban","temperate; rocky"
118,"Titanium Quasar Aphroditos",1655,5.17,0.603,2.05,"ice canyon; field; desert; bog","subartic; windy; humid; hot; rocky"
119,"Ceibo Jiu",2500,1.86,0.793,1.33,"desert; ice cave; field","superheated; artic; humid; arid; hot; temperate"
120,"Regulus XIV",7456,4.99,0.894,1.77,"bog; river; rocky island; rock arche","temperate; humid; tropical; hot; rocky; arid; windy"
121,"Geminga Pantheon",3915,7.7,0.931,2.02,"desert","frigid; hot; windy"
122,"Geminga Dionysios",3915,2.99,0.894,1.5,"hill; rocky desert; glacier; plateau; urban; desert","humid; tropical; artic; artificial temperate; arid"
123,"Tonatiuh Rho",1207,7.42,0.862,2.05,"jungle; forest; cliff","tropical; artificial temperate; windy"
124,"Nebulonix Janusian",9755,4.92,0.379,2.35,"island; valley","frozen; tropical; frigid"
125,"Umbra Veil Quintal",3017,5.35,1.39,1.57,"lakes","subartic; superheated; frozen; artic; frigid"
126,"Alsciaukat Herculean",2707,8.43,1.348,1.84,"rainforest; canyons; ice cave; grassy hill; valley","tropical; hot; rocky; frigid; windy"
127,"Formosa Kappa",4854,8.25,1.319,NA,"ash; island","frozen; windy; hot"
128,"Inquill Nereidos",3602,1.98,0.535,1.55,"cityscape; ice canyon; volcano","rocky; windy; subartic; arid"
129,"Whalebone Jiu",8466,7.37,1.361,1.76,"jungle; reef; verdant","tropical; subartic"
130,"Cosmic Gaze Sigma",5845,0.77,0.89,0.95,"desert; lava river","hot; rocky; subartic; frozen"
131,"Vermilion Expanse Tritonian",9183,2.86,0.818,1.52,"toxic cloudsea","artic; tropical"
132,"Brimwarden V",2148,3.6,1.106,1.48,"city; cliff","subartic; windy"
133,"Brimwarden VIII",2148,2.88,1.163,1.35,"canyons","temperate"
134,"Alderamin Hestian",893,0.5,1.565,0.68,"verdant","arid; tropical; hot; windy; humid"
135,"Lurking Whispers Tau",6688,0.94,1.416,0.87,"plateau","frigid; windy"
136,"Arkab Prior Liu",9867,5.68,0.903,1.85,"city; sea; rainforest","subartic; tropical; arid; temperate; hot"
137,"Adhara Chimeraean",5152,3.95,0.737,1.75,"valley","hot; superheated; tropical; subartic; windy; rocky"
138,"Atria Centaurios",3178,8.47,0.943,2.08,"jungle","subartic; hot"
139,"Cosmogon Enigma Duodecimal",2634,2.61,1.34,1.25,"fungus forest; acid pool; valley","temperate; rocky; windy; hot; arid; artificial temperate"
140,"Achernar XXI",6338,5.85,1.206,1.69,"ice cave; glacier; lakes; sea","superheated; windy; artic; humid; frigid"
141,"Funi Echoian",3972,2.96,0.869,1.5,"reef","subartic; temperate; artificial temperate; windy"
142,"Funi Sirenios",3972,1.11,1.295,0.95,"rocky canyon","artic; temperate; subartic; humid"
143,"Helionis Pi",2568,3.7,0.96,1.57,"river","artificial temperate; artic; windy; frozen"
144,"Proxima Centauri Jiu",7781,8.76,1.166,1.96,"rocky desert; tundra","tropical; frozen"
145,"Iklil Museios",7096,3.32,0.682,1.7,"river; lava river; ash; cave; forest; rock arche","rocky; humid; hot; artificial temperate"
146,"Nashira Shi",2272,4.49,0.977,1.66,"mountain","artic; superheated; windy"
147,"Nashira Liu",2272,1.86,0.871,1.29,"lakes; mountain; grassland; fungus forest; rocky desert","frigid; humid; tropical; windy; arid"
148,"Luminous Nexus Selenean",3523,5.78,0.881,1.87,"vine; bog; ocean; plateau","frigid; tropical; rocky; arid"
149,"Almaaz Gaian",6703,3.42,NA,1.58,"urban; ice cave","humid; frigid; arid; artic; windy; artificial temperate; frozen"
150,"Whispering Cosmos Septimal",8232,4.87,1.303,1.55,"forest","tropical; hot; temperate; artificial temperate"
151,"Comet Veil XXIV",2654,5.57,1.016,1.76,"plain","temperate; frigid"
152,"Nervia IX",6639,1.47,0.928,1.17,"acid pool; rocky desert; mountain; verdant; ice canyon; island; forest; rocky island","humid; arid; superheated; temperate; frigid"
153,"Nervia II",6639,5.3,1.274,1.61,"field; cave; mountain; toxic cloudsea; reef; river; verdant; bog; vine","hot; windy; superheated; tropical; frozen; artic; temperate"
154,"Kasai Ember Er",9937,2.69,1.022,1.38,"cave; vine; grassland","artificial temperate; subartic; tropical; humid"
155,"Aetherionis XXI",6698,1.69,0.726,1.33,"cave; urban","arid; subartic; temperate; frigid; humid; tropical"
156,"Alshain XIV",8974,7.43,0.37,2.72,"rocky canyon; verdant; vine","frozen; temperate; tropical; humid"
157,"Inari's Cascade IX",8271,1.48,1.343,1.03,"lakes; island; desert; lava river; cave; fungus forest; rocky desert; jungle; ice cave; valley; swamp","superheated; humid; tropical; subartic; artificial temperate; frigid; arid"
158,"Inari's Cascade XVIII",8271,2.47,0.778,1.47,"island; rocky desert; toxic cloudsea; canyons; urban","subartic; artificial temperate; frozen; artic; windy"
159,"Ignitara Sirenios",907,4.41,NA,1.59,"cityscape; cave; sea","artic; artificial temperate; windy"
160,"Ignitara Titanos",907,2.61,1.233,1.28,"rock arche; island","tropical; hot"
161,"Nebulaflux Theta",7880,2.26,0.932,1.34,"vine; verdant","artificial temperate; hot; windy"
162,"Nebulaflux Omicron",5432,1.14,1.077,1.02,"acid pool; sinkholes; ash; plateau; verdant; forest","subartic; frozen; hot; humid"
163,"Icarian Cipher Morphean",6294,1.64,1.184,1.11,"city; lakes","rocky; windy; hot"
164,"Quasarionix XXI",8743,4.34,0.743,1.8,"rocky desert; desert; hill; toxic cloudsea; sea","frozen; frigid; hot; artic; rocky"
165,"Quasarionix XIV",8743,0.92,0.741,1.07,"rainforest","artic; superheated; frigid; artificial temperate; temperate"
166,"Ginan Shi",2687,3.44,1.309,1.38,"island; cave; plain; mountain","frigid; artic; rocky"
167,"Algieba XXI",7104,0.86,1.168,NA,"plain; canyons","arid; artic; rocky; subartic"
168,"Lunacraze Mu",1998,2.11,1.056,1.26,"field; sinkholes; canyons; plain","temperate; arid; superheated; frigid; tropical"
169,"Osiris Cascade Titanos",4540,0.82,0.702,1.05,"acid pool; bog; field; sea; cliff","rocky; frozen; hot"
170,"Sargas Qi",5880,5.14,1.122,1.66,"desert; swamp; rock arche; volcano; plain","superheated; humid; artic; frigid"
171,"Sargas San",5880,7.33,1.02,1.93,"sea; sinkholes; island","subartic; superheated; hot"
172,"Thalassa's Shroud XV",5498,3.72,1.632,1.32,"reef","temperate; rocky"
173,"Solaris Shroud Nu",252,2.42,1.081,1.31,"mountain","subartic; artificial temperate; windy"
174,"Solaris Shroud Psi",252,2.12,0.66,1.48,"rocky desert; tundra","subartic; hot; temperate; frozen"
175,"Solaris Jiu",8761,4.88,1.206,1.59,"sea; tundra","frigid"
176,"Novaflare Hecatean",7898,2.4,1.113,1.29,"island; river","arid; artificial temperate; frozen; tropical; frigid"
177,"Astroflux Decimal",7345,0.98,1.04,0.98,"mountain; fungus forest; rocky canyon; ocean; barren; grassland","humid; hot; arid; subartic; artificial temperate"
178,"Astroflux Vigesimal",7345,4.98,1.313,1.56,"grassland; forest","superheated; temperate"
179,"Dracoara Echoian",401,7.87,1.059,1.95,"volcano; grassy hill; savanna; cave; lakes; rock arche","tropical; humid; hot; superheated"
180,"Dracoara Pegasusian",401,5.03,1.095,1.66,"city; ice cave; field; desert; glacier; vine; toxic cloudsea","hot; artic; frozen; superheated; humid"
181,"Kōkei Labyrinth Shi",1856,9.43,0.952,2.15,"ocean; plateau","rocky; subartic; frigid; humid; arid; temperate"
182,"Marsic Si",6091,3.86,0.638,1.82,"plain; jungle; ocean; rainforest; cityscape; barren","frigid; arid; humid; artificial temperate"
183,"Marsic San",6091,5.19,1.255,1.6,"rocky desert; plain","arid; rocky"
184,"Uzumaki Celestial XI",2375,3,NA,1.65,"mountain","artic; frozen"
185,"Uzumaki Celestial VIII",2375,1.31,0.5,1.38,"sea; savanna","hot"
186,"Yami Silence Gamma",2913,2.51,0.942,1.39,"reef; jungle; jungle; verdant","frigid; tropical; subartic"
187,"Zypheria Decimal",3189,1.14,1.065,1.02,"island","frigid; artic"
188,"Zypheria Sextant",3189,2.28,1.179,1.25,"verdant; tundra; rocky desert; ocean","superheated; artic; artificial temperate; hot; arid"
189,"Elgafar Jiu",7700,0.99,NA,1.31,"mountain; hill; savanna; plain; rock arche; lakes","artificial temperate; artic; temperate; arid"
190,"Cursa XVI",9109,1.26,1.343,0.98,"savanna","tropical; frozen; hot; subartic"
191,"Cursa XVII",9109,6.39,NA,1.98,"hill; city; rainforest; desert","artic; subartic; superheated; rocky"
192,"Pulsar Serenity Titanos",8486,0.65,1.04,0.85,"rainforest; tundra; mountain; verdant; urban","windy; tropical; rocky; superheated; frozen"
193,"Gacrux XX",4705,3.62,1.106,1.48,"hill; plain; lakes","frozen; subartic"
194,"Gacrux II",4705,0.93,0.911,1.01,"field; toxic cloudsea; sinkholes","artificial temperate; frigid; superheated; frozen"
195,"Lunarianth Epsilon",4827,7.52,0.674,2.23,"cave","windy; superheated"
196,"Scarabian Horizon Prime",9106,0.54,NA,0.82,"acid pool; ash","hot"
197,"Polis Sirenios",3575,1.43,0.991,1.13,"fungus forest; scrubland; tundra; urban","tropical; frigid; hot; arid"
198,"Polis Hecatean",3575,1.17,1.061,1.03,"swamp; lakes; mountain","superheated; subartic; hot; humid"
199,"Elysiumix VIII",2344,1.65,NA,1.19,"ice canyon","rocky; artic"
200,"Elysiumix XVII",2344,1.91,0.682,1.41,"plateau; barren; urban; acid pool; mountain; island; glacier; ice canyon","artificial temperate; subartic; arid; rocky; frigid"
201,"Grimclaw Jiu",5160,2.29,1.17,1.25,"city; barren; cliff; verdant","superheated; arid; artic"
202,"Grimclaw San",5160,1.43,NA,1.08,"city; cityscape","subartic"
203,"Crimson Void Prime",5344,7.53,0.963,1.99,"ocean; cityscape","superheated; windy; artic; frozen; humid"
204,"Crimson Void Duodecimal",5344,7.23,1.272,1.78,"tundra; glacier; savanna","humid; windy; frigid; rocky; artic; temperate"
205,"Alpheratz Janusian",2757,5.55,1.014,1.76,"acid pool; hill; valley; field; island; sea; verdant; ash","superheated; rocky; humid; subartic; frozen"
206,"Naledi XXI",8550,4.7,1.006,1.67,"grassland; acid pool; grassy hill; city; ash","hot; humid; arid; artic; frigid"
207,"Mahasim Astraeos",3423,0.6,1.152,0.8,"rocky desert","superheated; artic"
208,"Celestros Atlasios",9739,0.97,1.002,0.99,"grassy hill; island; verdant; river; ice cave; plain; cityscape","hot; arid; frigid; frozen; artic"
209,"Deneb Ba",302,6.73,0.511,2.36,"cave; rocky island; city; valley; cityscape","hot; artic; frozen; tropical; temperate"
210,"Deneb Jiu",302,2.55,0.996,1.37,"plain; mountain; grassy hill; sea; river; plateau; ice cave","superheated; hot; windy; subartic; tropical; artificial temperate; humid"
211,"Tianguan Zephyrian",8961,0.6,1.083,0.82,"tundra; rocky desert; barren; scrubland; city; cityscape","arid; frozen; artic; temperate; artificial temperate"
212,"Photara Septimal",1848,2.21,1.588,1.12,"lakes; river; cityscape; island; verdant","superheated; windy; subartic; frigid"
213,"Elysian Nebula Qi",1071,6.59,NA,1.76,"ocean; jungle","windy; hot"
214,"Elysian Nebula Shi",1071,2.7,0.925,1.43,"rainforest; cave; volcano; desert; jungle","frigid; superheated; artic; tropical"
215,"Aludra Zephyrian",1095,2.84,1.002,1.42,"island; river","artic; tropical; hot; frigid; subartic; superheated"
216,"Vorpal Abyss Asclepian",3394,1.25,0.904,1.11,"forest","frozen; humid; windy"
217,"Liesma Dionysios",2158,5.86,1.269,1.67,"lakes","temperate; superheated; artic"
218,"Tuiren Wu",297,0.9,1.107,0.93,"rocky island; vine; toxic cloudsea; hill; city","temperate; windy; artic; subartic; superheated"
219,"Tuiren Yi",297,2.63,1.076,1.35,"island; swamp","windy; frozen; artificial temperate; humid; frigid; artic"
220,"Ukdah Undecimal",4704,2.08,0.417,1.71,"rocky canyon; savanna; canyons","windy; temperate; arid"
221,"Ukdah Duodecimal",4704,2.06,0.842,1.35,"cliff; mountain; glacier; ash; lakes; urban","artic; frozen; rocky; superheated"
222,"Caelus Cipher Nonal",8660,3.15,0.678,1.67,"reef; acid pool; hill","rocky; artificial temperate"
223,"Caelus Cipher Secant",8660,1.5,NA,1.06,"jungle","frigid; hot; arid; artificial temperate; windy"
224,"Mimosa Octal",1583,2.17,1.219,1.21,"desert; verdant; cliff; plateau; savanna; toxic cloudsea; cave; island","artificial temperate; frozen; frigid; rocky; tropical; artic"
225,"Mimosa Undecimal",1583,0.73,1.022,0.89,"canyons; verdant; urban; lava river; rocky island; ice cave; bog; lakes","tropical; superheated; subartic; rocky; frigid"
226,"Luminastra Kappa",4135,2.29,1.292,1.21,"cave; bog; rocky island; valley; ocean","tropical; superheated; artificial temperate; rocky; hot"
227,"Beemim VI",3437,5.76,1.152,1.71,"lakes; ice canyon","subartic; rocky"
228,"Fjellstone II",7839,0.72,0.783,0.97,"reef; rocky island; rocky desert; plateau; island","frigid; artic; temperate; windy"
229,"Ruchbah Poseidian",5581,0.84,1.045,0.93,"glacier; ice cave","windy; frigid"
230,"Arcadian Whispers XIII",9566,5.5,0.704,1.98,"glacier; ice cave","superheated; windy; artic; humid; frozen; arid"
231,"Albali Gamma",2616,9.02,1.095,2.02,"verdant","superheated"
232,"Albali Delta",2616,6.5,1.035,1.84,"bog; desert; cave","artificial temperate; frozen; hot; humid; frigid"
233,"Ronin's Horizon Athenian",7035,2.98,1.223,1.35,"vine","temperate; arid"
234,"Cebalrai Nymphios",2488,7.88,1.034,1.97,"grassy hill; grassland; mountain; swamp; hill","humid; artificial temperate; frigid"
235,"Alioth Tritonian",9606,7.34,1.26,1.8,"plateau; acid pool","superheated; frozen; rocky; arid"
236,"Nebulium Yi",1706,2.38,0.877,1.39,"bog; grassy hill","temperate; hot"
237,"Segin VII",1448,6.88,0.774,2.07,"plateau; acid pool; ice cave; ocean","arid; frozen; subartic; humid; windy"
238,"Nembus Chi",8357,1.86,0.42,1.64,"ocean; ash; mountain; canyons","subartic; hot; frozen"
239,"Nembus Sigma",8357,0.98,0.589,1.19,"desert; hill; island; volcano; cave","hot; artic; frozen"
240,"Nahn Vigesimal",9804,1.37,1.116,NA,"grassy hill; rocky canyon; cliff; scrubland","arid; humid; rocky; subartic; artic; temperate"
241,"Nahn Quartal",9804,3.1,0.98,1.47,"city; ice canyon; glacier; ash; cliff; rainforest","subartic; windy; superheated; frozen; rocky; arid"
242,"Sika Undecimal",8389,1.35,1.142,1.06,"city","tropical; humid; artic; temperate"
243,"Sika Quartal",8389,1.53,0.945,1.17,"barren","arid; humid; temperate; rocky; frozen; superheated; hot"
244,"Eternal Murmurs Nereidos",6884,6.59,1.456,1.65,"jungle; glacier; forest; verdant","windy; frigid; tropical; hot; artificial temperate; temperate"
245,"Tōku Echoes Duodecimal",2236,3.26,1.209,NA,"river; lava river; cave; mountain; rock arche","windy; tropical; arid; artic"
246,"Pipoltr Titanos",9069,9.66,0.564,2.58,"acid pool; jungle; plain; sinkholes; urban; grassland; ocean; savanna","rocky; superheated; artic; temperate; frigid"
247,"Titanic Mirage Hecatean",790,3.12,0.727,1.62,"grassy hill; desert","tropical; hot; rocky; subartic; frozen; artificial temperate"
248,"Ma'at's Silence Eta",7811,2.24,0.951,1.33,"ice cave","subartic"
249,"Kang III",6656,0.94,1.534,0.85,"field","artificial temperate; frozen"
250,"Kang XX",6656,4.75,0.939,1.72,"island; lakes; plain","artificial temperate; superheated"
251,"Barnard's Star Zephyrian",7031,8.3,0.977,2.04,"plateau; field","temperate; artificial temperate; windy"
252,"Zaniah XXI",2626,0.96,0.37,1.37,"rocky island; plain; river; sea","hot; frigid; humid; artificial temperate; rocky; temperate; arid"
253,"Zaniah XI",2626,7.04,1.047,1.89,"fungus forest; river; rocky canyon; swamp; verdant; jungle; ice canyon","windy; tropical; temperate; artic; artificial temperate; humid; frozen"
254,"Galactic Ember XIV",8362,7.52,NA,1.84,"valley; rock arche; hill","tropical; humid; temperate; rocky; subartic; artificial temperate"
255,"Galactic Ember I",8362,1.2,0.972,1.07,"hill","artic; frozen; artificial temperate; humid"
256,"Umi Celestial Herculean",2539,2.92,1.202,1.34,"city; swamp; ocean; desert","temperate; superheated; artic; rocky; tropical"
257,"Thunderpeak XXII",7382,3.07,0.85,1.53,"vine","hot; artificial temperate; frigid"
258,"Bibhā Upsilon",8688,0.53,1.191,0.76,"hill; field; glacier; cave; cliff; lakes","rocky; artificial temperate; frigid; subartic"
259,"Quanticus Dionysios",1129,1.87,0.817,1.32,"ash; rainforest; cave","frozen; superheated; hot; artic"
260,"Alterf Septimal",2047,0.7,0.848,0.94,"bog; mountain; plain; sea; grassy hill","tropical; artic; artificial temperate"
261,"Furud III",9056,5.95,1.086,1.76,"fungus forest; rainforest; swamp","artificial temperate; arid; artic; tropical"
262,"Arcanara Omicron",676,5.28,0.794,1.88,"reef; ice canyon; rock arche; canyons","superheated; hot; arid; rocky; artic"
263,"Muliphein Asclepian",9977,0.8,0.884,0.97,"tundra; sinkholes; volcano; field; desert; plain","tropical; rocky; hot; artificial temperate; temperate; windy"
264,"Muliphein Helios",9977,3.81,1.617,1.33,"lava river; ash; grassy hill; field; acid pool; forest; plain; city","rocky; humid; subartic; frigid; hot; artificial temperate"
265,"Parumleo XVII",7134,0.68,0.588,1.05,"valley; vine","humid"
266,"Parumleo VI",7134,2.63,0.956,1.4,"savanna; cliff; reef","frigid; rocky; arid; humid; windy; artic"
267,"Ma'at's Celestial Qi",2772,3.25,0.969,1.5,"grassy hill; bog; grassland; plain; valley","artificial temperate; windy; humid; superheated"
268,"Ma'at's Celestial Ba",2772,4.58,1.542,1.44,"sea; sinkholes; lakes","artificial temperate; hot; windy"
269,"Lunacara Persephonian",4859,0.95,1.01,0.98,"acid pool; volcano","superheated; temperate; hot"
270,"Astromara IV",3639,5.9,1.085,1.76,"tundra","rocky; tropical; superheated"
271,"Alnair Sextant",1460,0.61,1.103,0.82,"field; mountain","tropical; windy"
272,"Kagayaki Celestial Olympus",377,1.49,0.972,1.15,"rocky desert; cliff; swamp; river; city","windy; artic; tropical; rocky; frigid"
273,"Natasha Hermesios",5480,0.98,1.229,0.93,"acid pool; bog","arid; rocky; superheated; temperate"
274,"Tania Australis Theta",1746,3.77,NA,1.48,"city; island; urban; field; bog","superheated; hot; frigid; rocky"
275,"Tania Australis Nu",1746,0.74,0.356,1.28,"plateau; bog","tropical; humid"
276,"Tesserion Gaian",5804,2.16,1.078,1.26,"sea; city; volcano; reef; grassy hill; grassland; rock arche; vine","subartic; humid; superheated; frozen; arid"
277,"Dracozen Apollox",3475,0.52,1.297,0.74,"ash; tundra","humid; windy; artic; hot; rocky"
278,"Secunda Hyadum Jiu",4841,0.88,0.862,1.01,"plain","superheated; arid; artic; frigid; frozen; temperate"
279,"Zosma Cerberian",195,7.72,0.961,2,"desert; hill; valley; tundra; savanna","artic; windy; rocky; frozen"
280,"Skat Nonal",3443,4.05,0.967,1.61,"rocky desert; cliff","artic; hot; arid; rocky"
281,"Skat Quintal",3443,5.39,1.029,1.74,"urban; jungle; reef; scrubland; canyons; forest","arid; superheated; rocky; tropical"
282,"Koeia XXI",5579,2.25,1.637,1.11,"verdant; grassland","temperate"
283,"Yoru Ascendance Lambda",9514,8.39,1.302,1.86,"field","hot; subartic"
284,"Yoru Ascendance Mu",9514,5.06,1.685,1.44,"fungus forest; bog; rocky canyon; rock arche; jungle; field; grassy hill; ocean","hot; frigid; tropical; rocky; artificial temperate"
285,"Sabik Chi",6419,6.88,1.354,1.72,"savanna; sea; city; desert; field; grassy hill","subartic; frozen; artic; hot; tropical"
286,"Anubis' Echo Octal",5746,1.03,1.036,1,"swamp; valley; volcano; fungus forest; grassland","superheated; hot; artificial temperate; humid; temperate"
287,"Anubis' Echo Prime",5746,1.18,0.629,1.23,"glacier; forest; cityscape","artificial temperate; subartic; frigid"
288,"Pharaoh's Silence IV",561,3.48,0.821,1.62,"river; ice canyon; field; urban; bog","artic; tropical; frozen"
289,"Asterion Enigma Epsilon",6603,0.39,NA,0.69,"rocky desert; city; grassland","hot; humid; artic; frigid; frozen"
290,"Tsubasa Echoes Oranos",8166,6.2,0.79,1.99,"mountain","windy; tropical; hot; artificial temperate"
291,"Kochab X",3916,2.22,1.133,1.25,"ash; bog; acid pool; lakes; glacier","temperate; frigid; superheated; frozen"
292,"Kochab XXIII",3916,6.12,1.045,1.8,"mountain; plateau; lakes; valley; rainforest; rocky island; rock arche; city; fungus forest","artificial temperate; frigid; subartic; artic; humid; temperate"
293,"Alshat Omega",7401,4.53,1.134,NA,"ocean; mountain","windy; humid; temperate"
294,"Celestial Ember Tertial",7448,2.16,NA,1.37,"bog; ash; rocky canyon; cityscape","temperate; arid; hot; superheated"
295,"Celestial Ember Undecimal",7448,4.87,1.068,1.66,"toxic cloudsea; plateau","subartic; arid; frozen; superheated; tropical"
296,"Cujam Chimeraean",990,1.32,0.897,1.14,"rock arche; rocky desert; sea","superheated; humid; hot; tropical; arid; artificial temperate"
297,"Nebulae Cipher Psychean",2289,2.76,1.054,1.38,"rocky canyon","arid; superheated; subartic; windy; hot"
298,"Hanami Echo Tertial",9697,3.16,0.785,1.59,"rocky canyon; sinkholes; rock arche","tropical; artificial temperate; hot; superheated; frozen"
299,"Ain Atlasios",9721,5.1,0.956,1.75,"city; ice cave; grassland","temperate; rocky; humid; subartic; frigid; windy"
300,"Nebularian III",1772,3.43,NA,1.5,"rainforest","subartic; arid; windy; tropical"
301,"Poerava Omicron",4641,1.88,1.06,1.21,"canyons; bog; reef; lakes; cave; cityscape","humid; subartic; rocky; artic; artificial temperate; frigid"
302,"Poerava Zeta",4641,7.78,1.065,1.94,"cliff; cityscape; cave; plateau","superheated; frozen; temperate"
303,"Seginus IX",5406,8.03,1.468,1.76,"ice cave; valley; plain; rocky island; river; fungus forest; hill; verdant","artic; windy; frigid; temperate; hot; arid"
304,"Botein Nu",8372,1.96,0.73,1.39,"sea; ice cave","temperate; frozen"
305,"Zubenelgenubi Eta",8692,0.55,1.133,0.79,"grassy hill; hill; fungus forest; rocky island; rocky desert","humid; temperate; frigid; subartic; frozen"
306,"Alchiba Sextant",2603,1.34,0.748,1.21,"forest; cliff; island; cave; swamp; sinkholes; sea","rocky; superheated; humid; hot; subartic; frozen"
307,"Alchiba Vigesimal",2603,5.27,0.845,1.84,"cliff; fungus forest; ash; grassy hill; desert; volcano","windy; tropical; superheated; hot; frigid"
308,"Galaxy Seraph V",1802,6.04,1.097,NA,"fungus forest; verdant","frigid; humid; superheated"
309,"Quantumara Jiu",4436,1,1.107,0.97,"hill; mountain; vine","artificial temperate; temperate"
310,"Quantumara Wu",4436,1.46,1.048,1.12,"city; jungle; lava river; tundra; scrubland; verdant","arid; subartic; frozen; rocky; frigid; hot"
311,"Yildun XXIV",171,3.65,0.741,1.7,"plain; ice cave","artificial temperate; artic; subartic"
312,"Yildun VIII",171,1.87,1.322,1.12,"urban; rocky desert; plain; lava river","subartic; rocky; hot; humid"
313,"Penumbralix Olympios",9477,2.11,0.702,1.44,"tundra; cave; field; desert","temperate; tropical; rocky; superheated"
314,"Pharaoh's Veil Beta",684,5.72,1.349,1.62,"rock arche","temperate; rocky; hot"
315,"Stoneshaper XII",7500,9.04,1.213,1.95,"swamp; cityscape; ash; jungle; acid pool","rocky; hot; temperate; subartic; superheated; tropical"
316,"Tislit IV",3010,4.1,0.986,1.61,"vine","superheated; humid"
317,"Sorairo Mirage Selenean",530,2.44,0.698,1.52,"plateau; tundra; barren; ash; cave; jungle; swamp","subartic; arid; artic; windy; hot; rocky; tropical"
318,"Shogun's Loom Sirenios",4066,0.61,0.8,0.91,"mountain; sinkholes; vine; forest","superheated; temperate; artic"
319,"Shogun's Loom Demetrian",4066,1.91,0.541,1.52,"cave; ash; rock arche; sinkholes; cliff","superheated; artificial temperate; rocky"
320,"Aladfar Sextant",1614,5.76,0.99,1.8,"valley; city; lakes; field; jungle","artificial temperate; hot; superheated; humid"
321,"Cosmic Enigma Quintal",8091,1.97,0.688,1.42,"city; field; plain; ice canyon; reef; fungus forest","arid; hot; subartic; frozen"
322,"Cosmic Enigma Nonal",8091,2.06,1.224,1.19,"ice cave","temperate; tropical; frozen; rocky; hot; humid"
323,"Phantasma Irisian",3452,1.71,1.373,1.08,"ice canyon; toxic cloudsea","rocky; artic"
324,"Abyssal Echo Artemian",5317,0.39,1.032,NA,"ash; rock arche","windy; rocky; arid; superheated"
325,"Olympus Anomaly Nymphios",2983,0.99,0.994,1,"plain; rainforest","temperate; humid; tropical; windy; subartic; artificial temperate"
326,"Hanabi Quintal",8594,1.97,1.024,1.24,"plateau","humid; windy"
327,"Hanabi Septimal",8594,1.9,1.509,1.08,"island; reef; sea; valley; jungle","hot; artificial temperate; windy; tropical; arid"
328,"Tamashī Labyrinth IX",9451,2.31,0.618,1.55,"island; jungle","arid; superheated; subartic; windy; tropical; artic"
329,"Kaze Celestial Aphroditos",2267,5.88,1.367,1.63,"tundra; acid pool; island","superheated; frigid; artic; frozen; arid; hot"
330,"Cryptic Nebula Theta",1886,3.34,0.78,1.62,"urban; jungle; city","temperate; tropical; artic; artificial temperate"
331,"Cryptic Nebula Xi",1886,3.03,1.087,1.41,"reef; swamp","artificial temperate; humid"
332,"Unukalhai Beta",6231,5.76,1.388,1.61,"tundra; rocky island; ice canyon; ocean; reef","frigid; rocky; artic"
333,"Bharani Jiu",7780,1.1,0.739,1.14,"lakes; urban; toxic cloudsea","superheated; frigid; frozen; tropical; subartic; artificial temperate; arid"
334,"Bharani Yi",7780,0.99,0.754,1.09,"verdant","arid; frigid; subartic"
335,"Helionyx Nonal",8126,6.02,0.958,1.85,"cliff; grassy hill; cave; rainforest; rocky canyon; swamp","humid; artic; tropical; superheated; arid; artificial temperate"
336,"Cleopatra's Loom XIX",9795,1.51,0.861,1.21,"hill; lakes","frozen"
337,"Cleopatra's Loom VII",9795,5.46,0.735,1.95,"lava river","arid; superheated; subartic; frozen"
338,"Meleph Wu",8404,4.18,0.735,1.78,"vine; barren; rainforest; river","arid; humid; rocky"
339,"Solarion Gaios",3049,2.32,1.587,1.13,"lakes","artificial temperate; subartic; windy"
340,"Aurora Anomaly Liu",8119,6.25,1.022,1.83,"verdant; plateau","artificial temperate; tropical"
341,"Aurora Anomaly Wu",8119,3.57,0.911,1.58,"jungle","frozen; humid; windy"
342,"Tsuki's Beacon XII",8917,4.67,1.088,1.63,"rocky canyon; ash","frigid; tropical; superheated; hot; rocky; artic"
343,"Phact Cerberian",2916,0.88,0.906,0.99,"cliff; plateau; rocky canyon","temperate; subartic; tropical; frozen"
344,"Zavijava V",4087,3.66,1.204,1.45,"lakes; verdant; tundra","artificial temperate; subartic; temperate; frozen; rocky"
345,"Zavijava XXI",4087,1.8,1.069,1.19,"city; ocean; field; cliff; ice cave","rocky; subartic; artic; windy; humid"
346,"Acrab Nyxios",255,2.29,0.972,1.33,"ice cave; verdant; jungle; cave","artic; humid; arid; tropical; frozen"
347,"Acrab Nymphios",255,0.7,0.682,1.01,"acid pool; forest; hill; ocean; savanna; tundra; lava river; plain","arid; superheated; temperate; windy; rocky; humid"
348,"Asahi Horizon Tertial",5893,0.76,1.194,0.86,"fungus forest; tundra; valley; forest; sinkholes; river","artic; frozen; tropical; rocky; humid; superheated"
349,"Asahi Horizon Vigesimal",5893,3.39,0.989,1.51,"grassland","humid"
350,"Horus' Gaze Quintal",7893,2.65,0.707,1.55,"barren","frigid; arid; hot; superheated; temperate"
351,"Horus' Gaze Undecimal",7893,0.37,1.34,0.65,"cliff; grassy hill; bog; urban","humid; arid; artic; windy"
352,"Alrescha Atlasios",7343,4.14,NA,1.99,"hill; toxic cloudsea; reef; ice canyon; ocean","artic; subartic; temperate"
353,"Amatsu Echo Omicron",5371,0.66,1.281,0.8,"sinkholes; reef; verdant","superheated; hot; temperate; windy; frozen"
354,"Elkurud Herculean",3206,0.72,0.567,1.08,"ash; plain; lava river; savanna; ocean","frigid; frozen; superheated; artic"
355,"Elkurud Asclepian",3206,3.4,1.127,1.45,"valley","hot; windy; rocky; arid; artic"
356,"Kitalpha Octal",6983,6.97,0.587,2.28,"valley; cityscape","windy; subartic"
357,"Photonara XIV",595,1.76,0.77,1.32,"savanna","artic; tropical"
358,"Photonara VIII",595,9.35,1.017,2.09,"lava river; vine; bog; rocky island; jungle; ocean; savanna; lakes","hot; subartic; superheated; rocky; humid; frozen"
359,"Suhail Hermian",2906,1.45,1.265,NA,"grassland; river","humid; windy"
360,"Hathor's Labyrinth Astraeos",7924,1.05,0.609,1.2,"plateau; glacier; valley","tropical; frozen; windy"
361,"Etherios XIII",9625,1.46,1.088,1.1,"ocean; toxic cloudsea","frozen; rocky; windy; artificial temperate"
362,"Algol XXIV",1890,4.37,0.851,1.73,"scrubland; verdant; desert; vine; plain","artic; rocky; arid"
363,"Samurai's Ember XIX",3750,4.91,NA,NA,"volcano; verdant; ash; lava river; field; tundra; plateau; sea; desert; rainforest; jungle","superheated; humid; subartic; artificial temperate; frigid; tropical; temperate"
364,"Axefall Dionian",1976,5.31,1.141,1.67,"city","temperate; hot"
365,"Rastaban XXIII",6384,7.6,0.941,NA,"city; cave","artic"
366,"Rastaban X",6384,7.5,0.557,2.38,"acid pool","rocky; windy; hot; superheated"
367,"Sumi Cascade Octal",6270,0.63,1.03,0.85,"cityscape; grassland; island; rainforest; cliff; jungle; verdant","superheated; temperate; hot; frigid; subartic; artic"
368,"Sumi Cascade Prime",6270,2.25,1.008,1.31,"cityscape; cliff","subartic; frozen"
369,"Atlas Gaian",7957,6.65,0.917,1.94,"valley; vine; verdant; plateau; tundra","arid; artic; frozen"
370,"Frostbinder Theta",124,5.08,0.971,NA,"rainforest; rocky canyon; rock arche","superheated; arid"
371,"Mirzam Iota",6403,0.83,0.713,1.05,"river; tundra; city; verdant; lakes; plain; sinkholes","tropical; superheated; artic; rocky; arid"
372,"Mirzam Pi",6403,8.06,1.264,NA,"vine; sea","artificial temperate; superheated; subartic; hot; windy"
373,"Hikari Gaze Septimal",3923,2.65,1.327,1.26,"hill; urban; ice canyon","subartic; artificial temperate; artic; temperate; arid"
374,"Hikari Gaze Quintal",3923,1.14,1.137,1,"plateau; desert; valley; ash; cave; acid pool; verdant","subartic; rocky; windy; hot; arid; frigid"
375,"Haruka Apollox",4026,2.42,1.299,1.23,"plateau; grassy hill","frigid; temperate; artificial temperate; rocky"
376,"Ryusei Radiance Ba",4712,1.53,1.022,1.14,"forest; acid pool; rocky canyon; river; ice canyon","artificial temperate; frigid; hot; arid; windy; humid"
377,"Nebulosys Hecatean",1782,1.7,1.077,1.16,"ice cave; cave; rock arche","hot; artic; subartic; frozen"
378,"Amadioha III",2228,9.13,1.236,1.95,"mountain","subartic; rocky; temperate; artificial temperate; hot"
379,"Amadioha XII",6354,4.79,1.415,1.5,"acid pool; rainforest; valley","frigid; humid"
380,"Peacock Lambda",8920,0.88,0.807,1.03,"glacier; urban; rock arche; tundra","subartic; rocky; frigid"
381,"Nebula Obscura Hermian",4523,1.99,0.946,1.28,"acid pool","hot"
382,"Nebulithra Jiu",6761,2.02,1.111,1.22,"rocky island; hill; canyons; rocky canyon; urban","rocky; windy; artic; temperate"
383,"Nebulithra Liu",6761,5.77,0.976,1.81,"reef; rainforest; tundra; glacier; mountain","hot; frigid; superheated; windy; artic"
384,"Tapecue Yi",8778,1.21,0.961,1.08,"tundra; rocky canyon; scrubland","frigid; temperate; arid; hot; artificial temperate; humid"
385,"Tapecue Si",8778,8.08,0.861,2.11,"vine","tropical; arid; temperate; frigid"
386,"Titawin Astraeos",5691,0.94,1.087,0.95,"verdant; ice cave; reef","frigid; artic; subartic"
387,"Fuyue Sextant",7687,1.55,0.835,1.23,"mountain; city","rocky; superheated; arid; tropical"
388,"Fuyue Decimal",7687,1.86,1.022,1.22,"ice cave","hot; subartic; frozen"
389,"Acrux IX",3971,1.75,1.205,NA,"ice canyon; grassland","humid; windy; artic"
390,"Acrux XXIV",3971,4.33,1.178,1.54,"ice canyon; hill","frozen; windy"
391,"Hassaleh Eta",4727,1.19,1.029,1.05,"rock arche","rocky; temperate; windy"
392,"Cosmoth Tertial",3774,0.77,1.342,0.83,"acid pool","windy; artic; artificial temperate; superheated"
393,"Ra's Echo VI",8213,7.62,1.405,1.76,"plain; canyons","subartic; rocky"
394,"Salm Mu",5442,8.57,1.125,1.97,"city","frozen; arid; rocky; humid; hot"
395,"Salm Eta",5442,5.77,1.484,1.57,"lava river; verdant; swamp; hill; fungus forest","frozen; temperate; superheated; windy; frigid; humid"
396,"Astraflame Demetrian",4205,2.77,0.984,1.41,"swamp; lakes; island; tundra; river","frigid; temperate; humid; hot"
397,"Almach XXI",1779,3.54,0.583,1.82,"mountain; rocky canyon; plateau; rocky desert; plain; lakes","frigid; subartic; rocky; windy; arid"
398,"Almach X",1779,1.73,1.198,1.13,"rocky canyon; mountain; plain; ocean; ice canyon","windy; arid; humid; artic; frigid; artificial temperate; tropical"
399,"Obelisk Beacon XVI",152,1.65,1.177,1.12,"mountain; rocky island; plateau","humid; artificial temperate"
400,"Obelisk Beacon III",152,2.27,0.788,1.42,"jungle; ice canyon; jungle","frigid; tropical"
401,"Galactrix Kappa",4321,5.74,1.2,1.69,"reef; city","arid; artic; temperate; frigid"
402,"Quantumith Yi",4341,3.03,0.735,1.6,"ice canyon; ice cave; field; reef; sea","frozen; hot; arid"
403,"Quantumith Shi",4341,8.27,0.91,2.09,"rock arche; ice canyon; river; sinkholes; urban; plateau","artificial temperate; frigid; hot; windy; superheated; rocky"
404,"Rosaliadecastro Chi",6392,1.97,NA,1.29,"grassy hill","artic; arid; subartic; humid; superheated; artificial temperate"
405,"Megrez XVI",1791,2.15,1.135,NA,"rainforest; forest; cliff; savanna; canyons","artificial temperate; tropical; temperate; rocky"
406,"Megrez XX",1791,7.22,1.096,1.87,"city","frigid; windy; subartic"
407,"Geisha's Whisper Aetherios",7487,3.37,1.22,1.4,"valley; verdant; canyons","hot; frigid"
408,"Lunariara Septimal",8693,1.42,0.868,1.18,"tundra; island; swamp","frigid; hot; tropical"
409,"Komorebi Delta",6955,2.83,0.668,1.62,"plain","hot; tropical; temperate"
410,"Tureis Dionysios",2801,5.3,0.649,2.01,"cave; barren","arid; rocky"
411,"Dingolay Qi",3655,4.01,0.855,1.67,"cliff; mountain; island; ocean; verdant; plain","frozen; superheated; hot; subartic"
412,"Dingolay Jiu",3655,1.73,0.868,1.26,"forest; lava river; canyons; toxic cloudsea; urban","temperate; artic; hot"
413,"Kurai Veil XX",3071,2.69,0.869,1.46,"plateau; field; fungus forest","subartic; tropical; windy"
414,"Nocturnal Labyrinth Sirenios",5623,2.36,1.216,1.25,"ocean; field; plateau","temperate; arid"
415,"Libertas Echoian",9312,2.92,0.804,1.54,"mountain","humid; temperate; arid"
416,"Xihe Alpha",2149,1.49,0.865,1.2,"hill; cityscape; jungle","artificial temperate; tropical; superheated; arid; frigid; subartic; artic"
417,"Xihe Lambda",2149,3.18,1.283,1.35,"rock arche; fungus forest; hill; glacier; grassy hill; ice canyon","subartic; tropical; hot; frigid"
418,"Yozora Labyrinth Psi",2434,1.44,0.919,1.16,"rainforest; verdant; field","frigid; superheated; artic; humid; windy"
419,"Yozora Labyrinth Tau",2434,2.93,1.038,NA,"savanna; ash; plain; cave; swamp; plateau; ocean","artic; humid; frigid; hot; temperate"
420,"Umi Expanse Astraeos",5047,7.59,1.177,1.86,"mountain; forest","temperate"
421,"Umi Expanse Tritonian",5047,7,1.499,1.67,"field","hot; artificial temperate; artic"
422,"Quantum Gaze Psychean",8114,0.75,1.177,0.86,"ocean; verdant; ice cave; jungle; toxic cloudsea","superheated; frigid; frozen"
423,"Cosmaraud XXII",7425,2.32,0.778,1.44,"savanna; rainforest; jungle","arid; artic; rocky; frigid; superheated"
424,"Cosmaraud III",7425,5.27,0.788,1.88,"city; forest; cliff; bog; sea; lakes; rocky island; canyons","tropical; temperate; humid; artificial temperate; frozen"
425,"Mazaalai Helios",9051,5.57,1.381,1.59,"swamp","hot; tropical; artificial temperate; subartic; rocky; temperate"
426,"Mazaalai Pantheon",9051,7.74,0.532,2.44,"toxic cloudsea; urban; grassland; bog; grassy hill","frozen; tropical; temperate; artificial temperate"
427,"Spica VII",8800,6.84,0.483,2.42,"plain","superheated; windy"
428,"Gloas Centaurios",6472,2.58,0.913,1.41,"cityscape; tundra; valley","artificial temperate; tropical; artic; temperate"
429,"Gloas Hadean",6472,7,1.059,1.88,"mountain; volcano","arid; frigid; tropical; hot"
430,"Stellarnova Morphean",4715,3.13,1.043,1.44,"rocky desert; toxic cloudsea; cave","frozen; tropical; humid"
431,"Hinotori Whispers XXIII",9560,2.37,0.954,1.35,"glacier; vine; cave; cityscape","artic; arid; frozen"
432,"Nebulonara Liu",3597,1.91,1.221,1.16,"urban; valley; city","subartic; superheated; temperate; hot"
433,"Luminous Ember Herculean",6313,5.07,1.435,1.52,"acid pool; island; lakes","hot; superheated; humid"
434,"Paikauhale XII",2572,0.98,1.2,0.93,"mountain","artic; artificial temperate; frozen"
435,"Merga Sirenios",9211,8.61,1.085,1.99,"grassy hill; rocky desert; cityscape; sea; verdant; canyons; jungle","artificial temperate; temperate; humid; frozen; tropical"
436,"Radiancea Gamma",4760,6.82,1.299,1.74,"fungus forest; rocky canyon; rock arche; sinkholes; field; cave; barren; acid pool","subartic; arid; frozen; temperate; artificial temperate; superheated; hot"
437,"Toliman Ba",899,3.11,0.98,1.47,"reef; field","hot; frozen; subartic; temperate; rocky"
438,"Dabih Qi",4314,0.55,0.652,0.94,"jungle; field; rocky island; ice canyon","frozen; tropical; artificial temperate; frigid"
439,"Dabih San",4314,6.31,0.903,1.91,"mountain; cliff; ice canyon","frozen; rocky"
440,"Tsukiyo Morphean",4233,2.14,0.438,1.7,"glacier; cliff; river; rock arche","humid; tropical; rocky; frozen"
441,"Vortexith Nyxios",28,3.51,0.749,1.67,"vine; acid pool","rocky; hot; windy; artificial temperate"
442,"Cosmaraith Irisian",3574,4.87,NA,1.65,"desert","frozen; superheated; artic"
443,"Alphard Duodecimal",5701,7.02,NA,1.94,"sinkholes; rocky island; grassy hill; field; reef; rock arche; glacier; verdant","artificial temperate; humid; superheated; hot; subartic; temperate"
444,"Alphard Undecimal",5701,6.64,0.644,2.18,"reef","rocky; artificial temperate"
445,"Symbionix Zephyrian",4316,1.46,0.963,1.15,"plain","artic"
446,"Márohu San",2562,6.83,1.088,1.84,"ocean; jungle; forest","frigid; frozen; humid"
447,"Olympian Flux Yi",8067,2.36,1.248,1.24,"cave","windy; humid; hot"
448,"Taygeta Alpha",5663,2.57,0.691,1.55,"glacier; urban; plain","frozen; windy; frigid; hot"
449,"Nihal Sigma",6659,4.19,0.567,1.95,"hill","subartic; rocky"
450,"Helixar XVII",2081,1,0.972,1.01,"bog; rocky island","arid; temperate; rocky; windy"
451,"Aniara Aetherios",1855,4.35,0.331,2.36,"mountain; rocky canyon; island; sinkholes","superheated; humid; artificial temperate"
452,"Nushagak Faunios",3456,1.14,0.366,1.46,"bog; rocky island; cave; reef; city","humid; superheated; windy; subartic"
453,"Aljanah Nyxios",273,1.93,0.843,1.32,"canyons","arid; superheated; subartic; humid"
454,"Astrobix Qi",554,4.55,1.136,1.59,"plateau; grassland; ocean; volcano","temperate; hot; frozen; rocky"
455,"Phoenicia Yi",5027,2.46,1.417,1.2,"swamp; rock arche; sinkholes; canyons; ice cave","frigid; humid; superheated"
456,"Phoenicia Si",5027,8.69,1.068,2.01,"cityscape; cave; forest","subartic; artificial temperate; hot; frozen; windy"
457,"Crimson Enigma Tritonian",4810,0.57,1.173,0.79,"jungle; acid pool","frozen; artic; superheated"
458,"Crimson Enigma Demetrian",4810,0.96,1.106,0.95,"river; island","hot; temperate; frigid; windy"
459,"Siriusnova Dionian",9000,4.89,1.096,1.65,"bog","tropical; humid; temperate; artic"
460,"Hotaru Ascendance Er",3026,2.25,0.934,1.34,"ice cave; jungle","windy; subartic; hot"
461,"Hotaru Ascendance Liu",3026,3.03,0.684,1.64,"mountain; glacier; river; ocean; volcano; cave; rainforest; toxic cloudsea","subartic; frozen; superheated; humid; artic"
462,"Spectral Serenity Decimal",6442,2.96,0.68,1.63,"urban","subartic; superheated"
463,"Abyssal Echoes Epsilon",9652,2.23,1.258,1.21,"cliff; verdant; desert","superheated; frigid"
464,"Anubis Serenity Eosian",541,9.28,0.808,NA,"sinkholes; city; ash; toxic cloudsea","artic; windy; arid; superheated; subartic"
465,"Pulsar Seraph VI",9371,7.9,NA,1.9,"valley; verdant","arid; artic; superheated"
466,"Pulsar Seraph V",9371,3.32,1.189,1.41,"jungle","tropical; temperate; frozen; rocky; humid; arid"
467,"Nebula Mirage Eosian",2354,2.8,0.852,1.49,"savanna; cityscape; lakes","frigid; tropical; windy"
468,"Ebon Labyrinth Tertial",858,2.28,1.288,1.21,"rocky canyon","humid; artificial temperate; artic"
469,"Ebon Labyrinth Octal",858,4.27,0.653,1.87,"rock arche; ice cave; rainforest; sea","frigid; hot; artificial temperate; tropical; rocky"
470,"Exoplanix Upsilon",4450,0.39,1.666,0.62,"vine; rainforest; canyons; desert","frozen; superheated; rocky; frigid; subartic; tropical"
471,"Eltanin Vigesimal",943,5.28,0.596,2.07,"rocky island","humid; temperate; artic; arid"
472,"Chalawan Beta",4771,0.81,0.817,1,"volcano","temperate; artic; superheated; frozen; hot; rocky; arid"
473,"Sharjah Qi",1836,2.25,1.032,1.3,"urban; hill; ice cave","arid; frigid; artic; rocky"
474,"Nikawiy Atlasios",8093,1.78,1.071,1.18,"river; tundra; rocky canyon; canyons; cliff","artic; rocky; arid; superheated"
475,"Helvetios Faunios",6962,0.74,0.983,0.91,"grassland; vine; ocean","windy; temperate; tropical"
476,"Hoggar Typhonian",7686,7.67,0.918,2.03,"mountain; ocean; city; plain; verdant; field; desert; rocky desert","artificial temperate; superheated; rocky; hot; tropical; arid"
477,"Praecipua Olympus",9500,8.95,0.986,2.09,"swamp; ocean; rocky island; cliff","humid; temperate; artic"
478,"Cosmara Duodecimal",4280,1.02,1.527,0.87,"ice canyon","frigid; artic"
479,"Cosmara Secant",4280,9.73,1.054,2.1,"cityscape","arid; frigid; windy; superheated"
480,"Baten Kaitos Nymphios",5321,0.89,1.241,0.9,"plateau; tundra","frigid; arid"
481,"Menkalinan Kappa",971,6.93,0.633,2.22,"vine; lava river","superheated; arid; temperate"
482,"Menkalinan Beta",971,2.41,0.834,NA,"cliff; jungle; glacier; acid pool; sea; lakes","humid; frozen; artic; temperate; arid"
483,"Piautos Eta",7677,8.44,0.723,2.27,"valley; cliff; ocean","windy; frigid; frozen"
484,"Nocturne Echo V",968,1.14,1.087,1.02,"jungle; ash; urban; island; plain; tundra; jungle; valley","tropical; superheated; windy; frozen; frigid; artificial temperate; temperate"
485,"Malmok Gamma",1854,8.05,0.898,2.08,"verdant; forest","artic; temperate; arid"
486,"Enso Sextant",9452,3.19,0.905,1.52,"hill","artic"
487,"Kamikaze Ascendance Poseidian",7159,2.83,1.037,1.4,"tundra; field; plain; rocky canyon; savanna","subartic; windy; tropical; frigid"
488,"Kaminari Enigma Octal",9738,4.73,1.009,1.67,"field; valley; hill; urban; savanna","arid; subartic; windy; tropical"
489,"Zenithrax Secant",4201,1.73,0.994,1.2,"tundra; forest; toxic cloudsea; volcano","tropical; frozen; windy; hot; temperate; humid"
490,"Zenithrax Quintal",4201,1.66,1.013,1.18,"rock arche; rainforest; cave","superheated; frigid; frozen"
491,"Dracothra Septimal",4546,6.83,1.146,1.81,"lava river; cityscape","superheated; arid; tropical"
492,"Dracothra Sextant",4546,5.26,0.858,1.83,"field; mountain; rocky desert; glacier","frozen; artic; subartic; tropical; rocky; superheated"
493,"Nyxian Whispers Decimal",8029,2.3,1.473,1.16,"lakes; ocean; tundra; cityscape; ice canyon","artificial temperate; artic; tropical"
494,"Sakura's Silence Apollox",7413,0.56,1.15,0.79,"ice canyon; forest; hill; rainforest; rocky island","frozen; temperate; humid; artic"
495,"Astrolithium Centaurios",1646,2.73,0.348,1.99,"rocky desert; river; cave; sinkholes; grassy hill; lava river; forest","hot; windy; rocky; frigid; artic; artificial temperate; arid"
496,"Emiw Jiu",4480,5.08,0.654,1.98,"hill; savanna; ice cave","subartic; arid"
497,"Emiw Er",4480,1.06,1.265,0.94,"urban; field; cave; hill; grassland; rainforest","humid; temperate; hot; arid"
498,"Sulafat Nyxios",3020,5.36,1.091,1.7,"plateau; glacier; field; lakes; cave","subartic; artificial temperate; frigid"
499,"Sulafat Nereidos",6582,9.71,1.126,2.05,"lava river; volcano; valley; rock arche; rocky desert","windy; artic; hot; subartic"
500,"Veritate XVII",3727,7.95,0.843,2.11,"cityscape; vine","artic; temperate; artificial temperate; frigid"
501,"Phantasmal Abyss VI",4111,1.94,0.978,1.26,"ice cave","superheated; frozen"
502,"Phantasmal Abyss XII",4111,0.68,1.271,0.81,"vine; bog; canyons","rocky; frigid; temperate; superheated"
503,"Azmidi Yi",9683,0.9,0.965,0.98,"cave; forest; canyons","frigid; subartic; superheated; humid"
504,"Astral Whisper Astraeos",192,2.06,0.793,1.37,"forest; lakes","hot; windy; tropical; temperate"
505,"Sekai Ember Titanos",8736,0.8,0.873,NA,"city; jungle; jungle","hot; humid; arid; subartic"
506,"Arcturus Cerberian",6731,9.06,0.298,NA,"lakes; rocky desert; desert","artic; arid"
507,"Kōri Hestian",1116,1.53,0.847,1.22,"bog; lakes; plain; cliff; jungle; rocky canyon; cityscape","artic; temperate; arid; humid; artificial temperate"
508,"Alkarab XIV",2682,6.01,1.291,1.67,"cliff","tropical; frozen; superheated; artificial temperate"
509,"Wasat Olympus",7410,2.03,1.257,1.17,"river; island; cave","tropical; artificial temperate; rocky; subartic; hot; frozen"
510,"Wasat Demetrian",7410,1.56,1.14,NA,"lava river; glacier; toxic cloudsea; ice cave; ash","tropical; hot; frigid; humid; superheated; frozen"
511,"Electra Epsilon",1689,1.2,0.954,NA,"canyons; city; toxic cloudsea; vine; cityscape","windy; subartic; artic; arid; artificial temperate"
512,"Arcanix Delta",1143,2.15,1.003,1.29,"field; ice cave; grassy hill; city","windy; frigid; artificial temperate; artic; superheated"
513,"Arcanix Gamma",1143,3.98,0.927,1.63,"sea; city; cave","hot; arid; windy"
514,"Edasich Cerberian",6494,4.8,0.941,1.72,"canyons; savanna; ice cave","rocky; subartic; arid; humid"
515,"Sadr V",6902,8.05,1.303,1.83,"forest; swamp","subartic; humid; windy; artic; artificial temperate; temperate"
516,"Alpherg Vigesimal",4629,6.88,0.951,1.93,"reef; island; urban","windy; hot; frozen"
517,"Alpherg Tertial",4629,2.65,0.774,1.51,"mountain","artificial temperate; windy; tropical; humid; artic"
518,"Stellarastrum Tau",9939,0.68,1.037,0.87,"volcano; urban; tundra; island; cliff","artic; frozen; superheated; windy; frigid"
519,"Kamuy Demetrian",9570,3.29,1.237,1.39,"cave; bog; rock arche; urban; ice canyon; island; jungle","humid; superheated; frigid; frozen; subartic"
520,"Obelisk Shadows Artemian",7028,4.17,1.038,1.59,"rocky canyon; plateau; urban","tropical; hot; arid; humid; artificial temperate; frigid"
521,"Mirfak Demetrian",2144,1.81,0.956,1.24,"savanna; canyons; cliff; rocky island; plain","artic; rocky; arid"
522,"Umbral Silence XXII",121,2.01,0.989,1.27,"savanna; acid pool; rocky canyon; rock arche; bog","arid; temperate; hot; rocky; frozen"
523,"Gomeisa Phi",770,1.58,1.129,1.12,"valley","artic; temperate"
524,"Celestara Janusian",4737,2.08,0.524,1.58,"jungle; ash; city; sinkholes","temperate; artificial temperate; hot; arid; superheated; windy"
525,"Polaris Australis Lambda",6418,7.54,1.047,1.93,"rocky canyon; rocky desert; valley; desert; grassland","temperate; frigid; arid"
526,"Polaris Australis Pi",3185,0.91,NA,0.99,"verdant; lakes","hot; artic; arid; windy"
527,"La Superba Olympios",4732,3.04,0.585,1.73,"toxic cloudsea; ice cave","frozen"
528,"Xamidimura Si",9707,0.59,0.882,0.87,"savanna; city; urban; mountain; cliff; lakes","artificial temperate; frozen; humid; arid; windy"
529,"Xamidimura Shi",9707,2.96,1.114,1.39,"ice canyon; field","hot; artificial temperate; arid; rocky; frozen; tropical"
530,"Quasarionyx Shi",5331,0.36,0.936,0.73,"verdant; cave; ice canyon; ice cave; reef; volcano","superheated; frigid; temperate; subartic"
531,"Markab Artemian",3550,1.1,1.26,0.96,"vine","arid"
532,"Rigil Kentaurus Pegasusian",6564,1.93,1.389,1.12,"rocky desert; grassy hill; verdant; ice canyon; volcano; cave","superheated; frigid; temperate; arid; artificial temperate"
533,"Mpingo XX",7245,0.66,1.237,0.81,"savanna; glacier","frigid; arid; windy"
534,"Angetenar XXII",4780,5.01,1.137,1.64,"river; valley; rainforest","tropical; temperate"
535,"Angetenar XXI",4780,3.75,1.135,1.49,"forest","arid; artificial temperate; humid; superheated"
536,"Lich XIII",7916,4.58,0.971,1.68,"grassy hill; sea","temperate; frozen"
537,"Jabbah Omicron",2665,2.35,0.711,1.49,"grassy hill; lakes; city; river; jungle; ice canyon","frigid; temperate; artificial temperate; tropical; subartic; superheated"
538,"Jabbah Iota",2665,0.86,0.568,1.15,"mountain; urban","humid"
539,"Quanticara Rho",2862,1.14,0.968,1.06,"acid pool; ocean; grassy hill; verdant","frozen; arid; temperate; hot; superheated"
540,"Quanticara Delta",2862,2.65,1.212,1.3,"sinkholes","hot; humid; artic; arid; artificial temperate; temperate"
541,"Nefertiti's Nebula Zephyrian",3512,7.58,1.074,1.92,"rocky island; fungus forest; reef; mountain; sea","subartic; hot; temperate"
542,"Galaxix Xi",1185,3.74,0.854,1.64,"grassy hill; river; plain; rainforest; ash; fungus forest; valley; field","superheated; hot; frigid; frozen; subartic"
543,"Cosmaronix Eosian",2319,3.89,0.868,1.65,"ice cave; cityscape","artic"
544,"Ignitionix Septimal",2618,2.42,1.141,1.28,"desert; savanna; ice canyon; river","frozen; subartic; arid; artic"
545,"Ignitionix Nonal",2618,9.92,0.799,2.32,"jungle; city; rocky desert; canyons; cave; hill; bog; savanna","humid; hot; superheated; artic; tropical; temperate; rocky"
546,"Zubeneschamali Irisian",685,2.49,0.835,1.44,"hill; cliff","artic; rocky; temperate; frigid"
547,"Talitha Nymphios",7296,0.43,0.76,0.83,"rock arche; glacier","frozen; artificial temperate; windy"
548,"Fomalhaut Pi",4873,1.73,1.063,1.18,"plain; sea; cave; tundra","windy; artic; frigid; frozen"
549,"Kagayaki Eta",6211,0.64,1.39,0.77,"grassy hill; swamp; forest; river; plain","humid; artificial temperate; artic"
550,"Axólotl Zephyrian",2181,5.43,0.785,1.91,"field; urban","humid; rocky; tropical"
551,"Hamal Alpha",2122,5.94,1.208,1.7,"tundra; savanna; cave; bog","windy; hot; frozen; artic"
552,"Hamal Omicron",2122,1.5,1.324,1.04,"field; scrubland","artificial temperate; superheated; arid"
553,"Tania Borealis Hermian",7473,7.87,1.145,1.9,"rocky island; sinkholes; glacier; fungus forest","frozen; hot; humid; windy"
554,"Rotanev III",5541,5.78,1.08,1.75,"valley; rocky canyon; plateau","frozen; humid; temperate"
555,"Rotanev XXIII",5541,1.36,1.177,1.05,"toxic cloudsea; rocky desert","artic; temperate; superheated; arid; humid"
556,"Lesath Chi",2445,9.49,1.092,NA,"glacier; ice cave; reef","subartic; artificial temperate; rocky; arid"
557,"Aldhibah XX",7328,2.81,1.111,1.36,"cave; rock arche; field; rocky canyon; savanna","superheated; frigid; subartic; artificial temperate"
558,"Alsafi X",4290,8.31,0.941,2.07,"acid pool","arid; hot; frozen; artificial temperate; artic"
559,"Muphrid Mu",3797,0.46,1.509,0.67,"fungus forest; field; mountain; city; grassland; glacier","superheated; frigid; tropical; temperate; hot; rocky"
560,"Ravenshadow Sextant",8059,2.09,1.443,1.13,"ice canyon","frozen"
561,"Nebulionara Dionian",3496,7.02,1.093,1.86,"rock arche; canyons","artic; artificial temperate; frozen; arid; humid"
562,"Orion's Gaze Artemian",1543,6.77,0.718,2.11,"sinkholes","hot; frigid; subartic; rocky; frozen"
563,"Zenithariana Olympios",6841,0.57,1.226,0.77,"rainforest; ice cave; acid pool; rocky desert; canyons; rock arche; rocky canyon; jungle; reef","frozen; frigid; artic; temperate; hot; superheated"
564,"Yūgen Shadows Secant",5024,0.56,0.817,0.88,"hill; grassland; ocean","humid; arid; artificial temperate; windy"
565,"Hayabusa Nexus Zephyrian",5870,6.31,0.66,2.12,"rocky desert; lakes; field","rocky; artic; artificial temperate"
566,"Starlight Whisper Undecimal",2580,5.05,0.734,1.9,"urban; mountain; city","humid; windy; subartic; temperate"
567,"Pyramid Radiance Morphean",6562,1.5,1.302,1.05,"valley; rocky canyon; toxic cloudsea","frozen; windy; artic; arid"
568,"Galactic Prism XI",6637,3.74,1.048,1.53,"glacier; verdant","rocky; humid; artificial temperate; subartic"
569,"Nebuloria San",4941,1.06,1.076,0.99,"","windy"
570,"Nebuloria Ba",4941,5.07,1.144,1.64,"vine; rocky island; acid pool; ocean","artificial temperate; subartic; arid; temperate; hot; artic"
571,"Hatysa San",6236,8.81,0.936,2.11,"forest","frigid; superheated; arid; temperate"
572,"Mira Titanos",2381,7.07,0.548,2.35,"ice cave; rocky desert; ocean; scrubland","windy; frigid; arid; rocky; frozen; subartic"
573,"Mira Eosian",2381,4.32,0.917,1.68,"plain; fungus forest; vine; river","temperate; frigid; hot; tropical; humid"
574,"Nefertiti's Beacon Liu",6863,0.46,1.108,0.75,"grassy hill","hot"
575,"Nefertiti's Beacon Ba",6863,6.94,1.015,1.9,"","windy"
576,"Alkaid Aphroditos",2910,1.82,0.766,1.33,"cityscape; rocky desert","humid; rocky; arid; temperate"
577,"Gakyid Psi",9754,0.87,1.102,0.92,"verdant; savanna; acid pool; rocky island; sea","frigid; arid; rocky"
578,"Uruk Olympus",7445,6.31,0.996,1.85,"verdant; jungle; mountain; rocky desert; fungus forest; rainforest","frozen; humid; windy; temperate; frigid"
579,"Astral Mirage Asclepian",5778,5.25,1.288,1.6,"plateau; jungle; valley","windy; frozen; tropical"
580,"Astral Mirage Zephyrian",5778,9.32,0.689,2.38,"fungus forest; acid pool; sinkholes","subartic; windy; superheated; humid"
581,"Mebsuta Eosian",5665,3.19,0.761,1.61,"jungle","subartic; artic; frozen; artificial temperate; humid"
582,"Hoshizora Seraph II",6784,5.24,1.259,1.61,"cliff; plain","frozen; tropical; frigid; arid; rocky"
583,"Quasarion Secant",6065,3.12,0.902,1.51,"fungus forest; jungle; ash","hot; artic; artificial temperate; windy"
584,"Sekhmet's Ember Secant",9963,9,1.064,2.04,"rocky canyon; barren; hill; fungus forest","superheated; subartic; tropical; hot; arid"
585,"Sekhmet's Ember Tertial",9963,2.37,1.148,1.27,"valley; verdant; cave","frozen; artic; arid"
586,"Algedi Ba",6713,3.48,0.965,1.53,"plain; forest; acid pool; reef; cave","subartic; windy; frigid; superheated; tropical"
587,"Fang Yi",9752,8.58,1.07,2,"river; valley; desert; swamp; mountain; plateau; reef; cityscape","arid; artic; artificial temperate; frigid; tropical"
588,"Fang Shi",9752,1.32,1.705,0.92,"hill; ice cave; river; toxic cloudsea; tundra","frozen; arid; rocky; subartic"
589,"Bonsai Silence Octal",8945,7.88,0.905,2.06,"verdant; city; cliff; vine","artic; tropical; artificial temperate; temperate; subartic; rocky; arid"
590,"Mystic Expanse Secant",2679,5.94,0.535,2.23,"mountain; cityscape","subartic; frigid"
591,"Mystic Expanse Nonal",2679,1.78,0.574,1.46,"ocean; acid pool; vine","artificial temperate; rocky"
592,"Marfik Helios",6149,9.41,0.707,2.37,"forest; river; cityscape; tundra","artificial temperate; temperate; windy; frozen"
593,"Marfik Nereidos",6149,3.47,1.409,1.35,"ice cave; jungle; canyons; ash","superheated; frozen; temperate; arid; artificial temperate"
594,"Montuno Athenian",1271,1.34,1.079,1.07,"rock arche; plain; grassy hill; rocky canyon; desert; rocky desert; lava river; reef; ocean; field; volcano","superheated; hot; arid; artificial temperate; temperate; tropical; rocky"
595,"Mouhoun XIX",7013,7.68,0.983,1.98,"mountain","arid; tropical; artificial temperate"
596,"Altais Harpian",7353,0.88,1.202,0.9,"grassland; city","artic; humid; tropical; frozen"
597,"Anser Omega",7944,2.12,0.892,1.33,"desert; cliff; ice cave; acid pool; grassy hill; rocky desert","tropical; artic; artificial temperate; frozen; humid; hot"
598,"Obsidian Threshold San",4425,5.34,0.685,1.98,"river; valley; swamp; glacier; rocky desert","hot; tropical; artic; subartic; windy; artificial temperate; rocky"
599,"Obsidian Threshold Yi",4425,6.05,1.093,1.77,"plain; ice canyon; grassy hill; canyons; ash","hot; frigid; tropical; windy"
600,"Ayame Cascade Zeta",1279,0.5,1.493,0.69,"desert; cave; cliff; vine; rocky desert; lakes; volcano; cityscape; forest","frozen; artic; windy; frigid; humid; temperate; arid"
601,"Ayame Cascade Xi",1279,1.59,0.963,1.18,"ice canyon; acid pool","windy; hot; artic; subartic"
602,"Azha Omicron",8047,6.88,0.866,2,"forest; verdant","windy; tropical; superheated"
603,"Azha Pi",8047,3.23,1.165,1.4,"tundra; river; hill; cliff","rocky; superheated; subartic"
604,"Maasym Pegasusian",5846,3.29,0.891,1.55,"field; city; vine","rocky; windy; artificial temperate"
605,"Brimstone Qi",9533,5.55,1.148,1.69,"rocky desert; plain; rocky island; rocky canyon; ice canyon; barren; cityscape","arid; frozen; subartic; rocky; superheated"
606,"Brimstone Si",9533,4.19,1.224,1.51,"rocky canyon; plateau; volcano","temperate; hot; rocky"
607,"Riftwanderer Faunios",4891,0.6,1.128,0.81,"rock arche; jungle; cave; bog; sinkholes; rocky canyon; glacier; island","artic; subartic; arid; tropical; hot"
608,"Alfirk XVI",1813,2.49,0.977,1.37,"lakes","tropical"
609,"Albaldah Duodecimal",8873,7.82,0.869,2.08,"grassy hill","frozen; artic; windy; rocky; frigid; hot; artificial temperate"
610,"Albaldah Sextant",8873,1.33,1.135,1.05,"tundra; rocky canyon; grassy hill; valley; lakes","tropical; temperate; humid; frigid"
611,"Samurai's Veil Rho",7974,4.4,0.7,1.85,"city; river; scrubland; urban; toxic cloudsea; glacier","artic; humid; artificial temperate; superheated; arid"
612,"Samurai's Veil Iota",7974,7.3,0.895,2.01,"tundra","subartic; hot; artificial temperate"
613,"Scarab Expanse Mu",807,5.19,0.96,1.76,"ash","superheated; humid; hot"
614,"Scarab Expanse Gamma",807,7.09,1.347,1.74,"canyons; river","artificial temperate; hot; frigid"
615,"Sualocin Sirenios",9118,6.69,0.673,2.15,"jungle; grassland; glacier","arid; hot; artic; frigid; humid"
616,"Misam Apollox",8274,3.92,0.896,1.64,"toxic cloudsea","artic; arid"
617,"Koi Horizon Duodecimal",6636,8.04,0.659,2.3,"toxic cloudsea; rocky island; canyons; forest; plain; rocky canyon","humid; windy; hot; frozen; tropical; arid"
618,"Nusakan Apollox",2494,4.99,0.971,1.73,"rock arche","rocky"
619,"Berserkr XVII",5447,7.92,0.616,2.34,"rock arche; jungle; volcano; reef; bog","humid; windy; frigid; hot; temperate; subartic; tropical"
620,"Azelfafage XXI",7207,1.34,0.779,1.2,"city; ice canyon","artificial temperate; superheated; rocky; artic; windy"
621,"Dschubba Irisian",7373,6.58,1.132,1.8,"rocky desert; swamp; cliff","frigid; tropical; artificial temperate; frozen"
622,"Procyon Nymphios",9116,2.01,0.739,1.4,"river; rocky desert; rock arche; cave; ice canyon; vine; plateau; desert","artificial temperate; frozen; frigid; superheated; temperate"
623,"Akatsuki Celestial Gaian",2333,0.83,0.626,1.1,"desert; rocky canyon; hill; bog; jungle; volcano","frozen; arid; superheated; artic; humid; tropical"
624,"Asterion Abyss Iota",7985,7.45,0.995,1.96,"volcano; plateau","superheated; subartic; windy; artic"
625,"Sadalbari Phi",1518,6.96,0.848,NA,"tundra; desert","rocky"
626,"Obelisk Whisper Er",6256,2.04,1.204,1.19,"lakes","artificial temperate; tropical"
627,"Cosmosol Er",8893,0.47,0.865,NA,"cliff; grassy hill; lakes","artificial temperate; subartic; arid; superheated; frigid; hot"
628,"Cosmosol Wu",8893,4.45,1.313,NA,"hill; acid pool","frigid; temperate; superheated; rocky"
629,"Timir Tertial",3481,2.23,0.644,1.51,"rock arche","temperate; artificial temperate; frigid; tropical"
630,"Athebyne XVIII",1513,1.71,0.881,1.25,"lava river; lakes; rocky desert; glacier; savanna; ash","frigid; superheated; tropical; frozen; hot"
631,"Gienah XIV",828,5.82,0.991,1.8,"glacier; acid pool; urban; hill; ocean; volcano; cave","superheated; windy; rocky; frigid; temperate; arid; artic"
632,"Gienah XI",828,5.79,1.06,1.76,"swamp; cliff","frigid; humid; windy; subartic; hot; frozen"
633,"Arcalís VI",6974,1.16,0.727,1.17,"urban; jungle; sinkholes; verdant","artificial temperate; superheated; rocky"
634,"Arcalís III",6974,2.34,0.97,1.34,"jungle; ocean; rock arche; hill; desert; cave; verdant; rocky island","rocky; tropical; frozen; artificial temperate; frigid; arid; hot"
635,"Pincoya XXIV",7128,6.71,1.203,1.77,"urban; toxic cloudsea; cave; vine; lava river; rocky island","superheated; subartic; humid; frigid; frozen; tropical; windy"
636,"Altair Alpha",4155,6.65,0.769,2.05,"acid pool; jungle; tundra; urban","humid; subartic; frozen; tropical; windy; hot; temperate"
637,"Arcanum Flux Helios",9479,2.79,NA,1.39,"fungus forest; reef","subartic; tropical; temperate; superheated"
638,"Asterope Decimal",6579,2.88,0.86,1.5,"rock arche; cliff","humid; rocky; windy; artic; frozen"
639,"Asterope Nonal",6579,4.9,0.861,1.79,"jungle; valley","superheated; rocky"
640,"Eclipsix Phi",1272,2.24,0.975,1.32,"rocky desert; rocky island; verdant","artificial temperate; windy; arid; frozen"
641,"Canopus Liu",1680,5.04,1.002,1.71,"canyons","hot; temperate; tropical; subartic; rocky"
642,"Hannya Cosmos Liu",9273,3.68,NA,1.55,"jungle; sea","humid; frozen; hot; frigid"
643,"Hannya Cosmos Qi",9273,3.88,1.021,1.56,"plateau; cave; vine; jungle","hot; frozen; arid; superheated"
644,"Albireo Gaios",4619,0.49,1.148,0.75,"ice cave; tundra; forest; sea; canyons; scrubland; lava river","tropical; superheated; artificial temperate; windy; arid; humid; frozen"
645,"Mikado Serenity I",8063,8.42,NA,2.07,"","windy"
646,"Mikado Serenity XXIV",8063,8,1.335,1.82,"ice cave; tundra; vine; mountain","rocky; superheated; artic"
647,"Shogun's Echo XVII",4927,9.22,1.06,2.06,"lakes; canyons; rocky island","artificial temperate; arid; rocky; frigid"
648,"Sheliak I",4139,0.68,0.771,0.96,"rainforest; forest; field; sea; fungus forest","artic; temperate; superheated; tropical; windy"
649,"Lunar Quasar XI",2275,0.76,0.737,1.01,"plain; cityscape","artic; artificial temperate"
650,"Kūkan Cascade VI",5425,3.72,1.615,1.32,"vine; rocky canyon; urban","arid; superheated"
651,"Cocibolca Quintal",3349,1.17,0.747,1.16,"fungus forest; vine; cityscape; city; ice canyon","arid; tropical; superheated; artificial temperate; artic"
652,"Cocibolca Nonal",3349,2.14,0.729,1.43,"valley; island","frigid; windy; hot"
653,"Kaus Borealis III",1074,2.92,0.824,1.52,"sea; jungle; plain; grassy hill; verdant; rocky island; desert; grassland; field; volcano; lakes","subartic; tropical; humid; frozen; hot; artificial temperate; arid"
654,"Kaus Borealis XIII",1074,0.71,1.499,0.78,"ice cave; lakes; field; tundra","artic; temperate; frozen"
655,"Kraz XIX",9962,1.83,1.071,1.2,"rock arche; cityscape; vine; canyons; ash; jungle; mountain; forest","windy; artic; superheated; tropical; rocky; frozen"
656,"Tenshi Echoes Phi",7236,2.37,0.748,1.47,"fungus forest; plateau; scrubland; rocky desert","windy; superheated; subartic; arid; hot; tropical"
657,"Arneb Decimal",7999,6.43,1.344,1.69,"field; sea; plateau; plain; valley; mountain","windy; artificial temperate; humid; artic; arid"
658,"Arneb Secant",7999,4.92,1.19,1.6,"reef; rocky island; city; rocky desert","artic; frigid; superheated; temperate"
659,"Galaxara Prime",4400,1.06,0.653,1.18,"scrubland; island","arid; frigid; superheated"
660,"Galaxara Sextant",4400,9.62,1.01,2.12,"ash; island; reef; desert; canyons","temperate; hot; artificial temperate; tropical"
661,"Merak Jiu",177,3.41,1.143,1.44,"glacier; verdant; barren; sinkholes; lava river","hot; subartic; rocky; arid"
662,"Cervantes Yi",8408,8.04,0.764,2.19,"acid pool; lava river","superheated; subartic; artic; frigid; tropical; artificial temperate"
663,"Cervantes Si",8408,1.97,0.862,1.32,"","windy"
664,"Fafnir Astraeos",1733,4.15,1.253,NA,"plain","temperate; windy; artic"
665,"Ronin's Enigma Theta",7573,1.87,1.024,1.22,"mountain; hill","windy; humid"
666,"Ronin's Enigma Delta",7573,7.1,0.872,NA,"plateau; swamp","humid; temperate; frigid; frozen; superheated; tropical"
667,"Infinite Iris Kappa",5377,1.9,0.937,1.27,"rocky canyon; lakes; city; grassy hill; sea; ice canyon","frigid; artic; temperate; arid"
668,"Infinite Iris Chi",5377,4.55,1.428,1.47,"hill; jungle; river","rocky; temperate; tropical"
669,"Nekkar V",7621,1.52,1.173,1.09,"cityscape; hill; reef","frigid; humid; hot; temperate"
670,"Nekkar VII",7621,1.33,1.366,0.99,"jungle; ice canyon; jungle; cave; field; rocky desert; canyons; lava river","hot; frozen; temperate; subartic; artificial temperate; artic"
671,"Bonsai Celestial Jiu",8376,1.63,0.738,1.3,"forest; scrubland","rocky; frigid; arid; frozen; temperate; hot"
672,"Fumalsamakah Pi",5580,4.96,0.791,1.84,"mountain; vine; rocky island; rocky desert","temperate; superheated; arid; hot"
673,"Fumalsamakah Omega",5580,1.16,0.811,1.13,"ash; sinkholes; rainforest","hot; humid"
674,"Belel Zephyrian",7526,6.21,1.124,1.77,"lava river","windy; rocky; arid"
675,"Ombraflux Olympios",4492,9.52,1.256,1.96,"city","hot; subartic"
676,"Cosmic Whispers Nymphios",16,2.95,0.97,1.45,"ocean; rocky island; verdant; rainforest; plain; vine","superheated; humid; hot; arid; windy; tropical"
677,"Stormcaller Sextant",9906,1.54,1.049,1.14,"fungus forest; toxic cloudsea; scrubland; canyons","artic; windy; arid; hot"
678,"Uklun XX",2460,2.01,0.964,1.28,"rock arche; cliff","rocky"
679,"Alsephina Tertial",9850,7.79,1.07,1.94,"sea; desert; hill; ice canyon; grassy hill; city","temperate; superheated; frozen; hot; artificial temperate"
680,"Alsephina Septimal",9850,3.8,0.962,1.58,"vine","humid; frigid; subartic"
681,"Hannya's Expanse XXIV",7094,4.1,0.864,1.68,"desert; valley; reef; rocky island; tundra; island","hot; subartic; humid; artificial temperate"
682,"Sylvarix Rho",692,1.78,0.918,1.25,"lakes","tropical"
683,"Taiyi Gamma",7337,6.36,0.702,2.08,"urban; bog; plateau","temperate; artificial temperate"
684,"Etherion Qi",7644,5.76,1.016,1.78,"savanna; swamp; plain","humid; superheated; temperate; artificial temperate"
685,"Etherion San",7644,7.74,0.631,2.31,"reef; urban; swamp","rocky; tropical; subartic; arid; temperate; frozen; hot"
686,"Alhena Morphean",8742,2.11,0.808,NA,"sinkholes; bog","temperate; humid; tropical; frozen; hot"
687,"Alhena Helios",8742,2.26,1.073,1.28,"verdant","subartic; arid; artic"
688,"Ketsueki Whispers Tau",607,2.33,1.239,1.23,"valley; volcano; grassy hill; jungle; ice cave; cityscape","tropical; frozen; hot; arid; temperate"
689,"Izar Nereidos",2742,1.27,0.971,1.09,"savanna; forest; scrubland; valley","frozen; subartic; arid; rocky"
690,"Izar Aphroditos",2742,3.96,0.991,1.59,"ice canyon; river; plateau; acid pool","superheated; tropical; humid; frigid"
691,"Axeheart IX",2487,7.44,0.813,2.09,"jungle; forest; rocky canyon; canyons; urban; tundra; grassy hill; rocky desert","hot; artic; superheated; artificial temperate; frigid; humid"
692,"Rigel VII",9633,1.52,0.805,1.24,"lakes; grassland; river","superheated; artificial temperate; frozen; humid; artic"
693,"Rigel XVIII",9633,3.16,1.015,1.46,"canyons; ash; toxic cloudsea; tundra; jungle; cave; bog","arid; frigid; superheated; frozen; rocky; windy; tropical"
694,"Scarabian Veil Nyxios",4655,1.83,0.85,1.29,"glacier; ash; canyons; urban","frozen; artic; artificial temperate; superheated"
695,"Starshard VI",8250,2.03,0.656,1.46,"tundra; valley; lakes; volcano","hot; artic; frigid"
696,"Starshard XIV",8250,3.25,0.965,1.5,"plain; urban","hot; temperate"
697,"Stormrider Chi",2087,1.15,0.964,1.06,"canyons; cityscape; rocky island; lakes","temperate; artic; rocky"
698,"Stormrider Xi",2087,8,1.038,1.98,"sinkholes; cave","superheated"
699,"Eldritch Veil Dionysios",6289,0.97,1.198,0.93,"cityscape","rocky"
700,"Galaxium Ba",1942,3.28,0.754,1.63,"rocky island; canyons; mountain; hill","arid; frozen; artic; rocky"
701,"Galaxium Shi",1942,7.56,0.855,2.07,"river; tundra; city","subartic; frigid; frozen; artificial temperate"
702,"Kasumi Aphroditos",2062,4.56,1.136,1.59,"glacier; city; rainforest; rock arche","artic; temperate; humid; tropical; frigid; artificial temperate; rocky"
703,"Quantraflux Beta",3,7.15,1.316,1.76,"reef; cave; cliff; rainforest; island; desert; forest; swamp; ice cave; grassland","frigid; rocky; artic; humid; superheated; tropical; artificial temperate"
704,"Quantraflux Nu",3,0.42,0.914,0.77,"volcano","humid; hot; rocky"
705,"Clandestine Nebula Hadean",4882,5.93,0.529,2.24,"acid pool; fungus forest; jungle; city","superheated; hot; arid; temperate; frigid; windy"
706,"Tegmine Hermian",4064,3.77,1.062,1.53,"cave; lava river; glacier; sea; valley","hot; artic; temperate; windy"
707,"Tegmine Gaios",4064,1.08,0.927,1.05,"river; lakes","frozen; rocky; temperate"
